author_name	author_date	author_gender	author_viaf	title	novel_id	first_edition	num_word	size	time_slot	canonicity
Abonyi Árpád	1865-1918	M	39125767	A havasok ura	HU12391	1906	25490	short	T4	low
Abonyi Árpád	1865-1918	M	39125767	A mammuth	HU16305	1894	28678	short	T3	low
Abonyi Árpád	1865-1918	M	39125767	A második férj	HU16492	1895	66827	medium	T3	low
Abonyi Árpád	1865-1918	M	39125767	A nagyasszony : Regény : ELTeC edition	HU12028	1892	23378	short	T3	low
Abonyi Árpád	1865-1918	M	39125767	A pavlinoi csoda	HU11875	1901	34171	short	T4	low
Abonyi Árpád	1865-1918	M	39125767	Fülöp házassága	HU12017	1891	30622	short	T3	low
Abonyi Árpád	1865-1918	M	39125767	Jön a hajnal	HU16153	1897	30344	short	T3	low
Abonyi Árpád	1865-1918	M	39125767	Két leány regénye : A Fráterek és a Grabowszkiak	HU14494	1904	29713	short	T4	low
Abonyi Árpád	1865-1918	M	39125767	Magyar fiuk Afrikában	HU11858	1907	25445	short	T4	low
Abonyi Árpád	1865-1918	M	39125767	Rákolti György utazása a gambai császárságba	HU12856	1905	44767	short	T4	low
Abonyi Lajos	1833-1898	M	68652301	A fekete kutya	HU15491	1880	25902	short	T3	low
Abonyi Lajos	1833-1898	M	68652301	Magduska öröksége : Regény : ELTeC edition	HU13802	1886	52809	medium	T3	low
Ábrahám Ernő	1882-1945	M	5289705	Csillagok a Tiszában	HU16529	1914	51818	medium	T4	low
Ábrai Károly	1830-1912	M	164963805	48-tól Világosig	HU18411	1860	35541	short	T2	low
Ábrányi Kornél	1849-1913	M	57808720	Régi és uj nemesek : Eredeti regény : ELTeC edition	HU14548	1881	58746	medium	T3	low
Ágai Adolf	1836-1916	M	19711540	Rontó Pál viselt dolgai vizen és szárazon	HU11795	1912	41719	short	T4	low
Ambrus Zoltán	1861-1932	M	49239294	Midas király : ELTeC edition	HU05286	1906	143418	long	T4	high
Ambrus Zoltán	1861-1932	M	49239294	Solus eris	HU04378	1907	62236	medium	T4	high
Ambrus Zoltán	1861-1932	M	49239294	Szeptember	HU14537	1897	31198	short	T3	low
Andor Mária	1890-1960	F	noViaf	Bébike memoárjai : Egy kis kutya önéletrajza : ELTeC edition	HU11129	1918	47151	short	T4	low
Asbóth János	1845-1911	M	31986094	Álmok álmodója : ELTeC edition	HU19000	1878	38109	short	T2	high
Aszlányi Károly	1908-1938	M	109684117	Brentford rendet csinál	HU12645	1937	51231	medium	T5	low
Aszlányi Károly	1908-1938	M	109684117	Özöngáz	HU08665	1936	48424	short	T5	high
Aszlányi Károly	1908-1938	M	109684117	Pénz a láthatáron	HU12618	1929	49036	short	T5	high
Aszlányi Károly	1908-1938	M	109684117	Szélhámosok	HU13372	1939	35720	short	T5	low
Babits Mihály	1883-1941	M	49221125	A gólyakalifa : ELTeC edition	HU00600	1916	38365	short	T4	high
Babits Mihály	1883-1941	M	49221125	Elza pilóta	HU04777_1	1933	61982	medium	T5	high
Babits Mihály	1883-1941	M	49221125	Halálfiai	HU05361	1927	189763	long	T5	high
Babits Mihály	1883-1941	M	49221125	Kártyavár	HU04777	1923	79660	medium	T5	high
Bársony István	1855-1928	M	84079235	A rab király szabadon : Fantasztikus állatregény : ELTeC edition	HU12750	1903	30756	short	T4	low
Bársony István	1855-1928	M	84079235	Dobogó szívek	HU08545	1891	31503	short	T3	low
Bársony István	1855-1928	M	19708135	Ingovány	HU06691	1901	36412	short	T4	low
Bársony István	1855-1928	M	84079235	Szelek útján	HU13397	1902	36155	short	T4	low
Barta Sándor	1897-1938	M	121398316	Aranyásók	HU07141	1957	110771	long	T6	low
Bartók Lajos	1851-1902	M	121399672	A szemfényvesztők : Regény : ELTeC edition	HU16124	1896	41351	short	T3	low
Beksics Gusztáv	1847-1906	M	1850649	Ködös problémák	HU09286	1904	30042	short	T4	low
Beksics Gusztávné	1849-1903	F	noViaf	A bukottak	HU16243	1892	29198	short	T3	high
Benedek Elek	1859-1929	M	120201932	Édes anyaföldem! :  Egy nép s egy ember története  : ELTeC edition	HU08358	1920	151256	long	T4	high
Benedek Elek	1859-1929	M	120201932	Honszerző Árpád	HU16176	1907	39623	short	T4	high
Benedek Elek	1813-1893	M	120201932	Katalin	HU12551	1896	50042	medium	T3	low
Benedek Elek	1859-1929	M	120201932	Nagyapóéknál	HU16486	1896	22459	short	T3	low
Benedek Elek	1859-1929	M	120201932	Toldi Miklós : Arany János műve nyomán : ELTeC edition	HU00233	1911	42595	short	T4	high
Beniczkyné Bajza Lenke	1839-1905	F	20466121	A gyöngy-sor	HU17571	1888	33343	short	T3	low
Beniczkyné Bajza Lenke	1839-1905	F	20466121	A házasság titka	HU17531	1890	27155	short	T3	low
Beniczkyné Bajza Lenke	1839-1905	F	20466121	A hegység tündére	HU14213	1890	56949	medium	T3	low
Beniczkyné Bajza Lenke	1839-1905	F	20466121	A vér	HU13726	1892	31146	short	T3	low
Beniczkyné Bajza Lenke	1839-1905	F	20466121	Az első nyom : Regény : ELTeC edition	HU14281	1885	41997	short	T3	low
Beniczkyné Bajza Lenke	1839-1905	F	20466121	Itt és a jövő életben : Regény két kötetben : ELTeC edition	HU14769	1878	61512	medium	T2	low
Beniczkyné Bajza Lenke	1839-1905	F	20466121	Két sziv harcza : Regény két kötetben : ELTeC edition	HU14745	1866	73249	medium	T2	low
Beniczkyné Bajza Lenke	1839-1905	F	20466121	Saját kezébe	HU13653	1886	26678	short	T3	low
Beöthy László	1826-1857	M	121409411	Goldbach és Comp. fűszerkereskedése "A kék macskához" : Regény : ELTeC edition	HU07661	1858	56456	medium	T1	high
Beöthy László	1826-1857	M	121409411	Két leány és egy legény : Regény : ELTeC edition	HU13445	1895	29473	short	T3	low
Beöthy Zsolt	1791-1860	M	73093732	Kálozdy Béla : Regény : ELTeC edition	HU07718	1875	149978	long	T2	low
Bérczy Károly	1821-1867	M	2191181	A gyógyult seb	HU09814	1880	19733	short	T3	low
Boross Mihály	1815-1899	M	121430064	Vagy idejében vagy soha	HU16361	1856	14135	short	T1	low
Bródy Sándor	1863-1924	M	49267921	A Rózsák szigete	HU08876	1894	22353	short	T3	low
Bródy Sándor	1863-1924	M	49267921	Az egri diákok : Két magyar Robinson története	HU16501	1894	31061	short	T3	low
Bródy Sándor	1863-1924	M	49267921	Az ezüst kecske : ELTeC edition	HU00628	1898	47696	short	T3	high
Bródy Sándor	1863-1924	M	49267921	Don Quixote kisasszony	HU07450	1886	66880	medium	T3	low
Bródy Sándor	1863-1924	M	49267921	Erzsébet dajka és más cselédek	HU13978	1902	19697	short	T4	low
Bródy Sándor	1863-1924	M	49267921	Faust orvos	HU14199	1888	28237	short	T3	low
Bródy Sándor	1863-1924	M	49267921	Hófehérke	HU12661	1894	19426	short	T3	low
Bródy Sándor	1863-1924	M	49267921	Tündér Ilona	HU13909	1898	23974	short	T3	low
Cholnoky László	1879-1929	M	35255524	Piroska : ELTeC edition	HU05964	1919	166120	long	T4	low
Cholnoky Viktor	1868-1912	M	3367709	Kaleidoszkop : ELTeC edition	HU07119	1913	48819	short	T4	low
Czinczár Miklós	1893-1945	M	121529786	Menekülés	HU03830	1935	24818	short	T5	low
Czóbel Minka	1855-1947	F	1344243	Két arany hajszál : Regény : ELTeC edition	HU17653	1908	36053	short	T4	low
Csermely Gyula	1866-1939	M	34184463	Bakunin professzor könyve	HU16517	1923	86310	medium	T5	low
Cserzy Mihály	1865-1925	M	121363466	Kint a pusztán	HU06962	1899	34759	short	T3	low
Csiky Gergely	1842-1891	M	54198282	Sisyphus munkája : Regény : ELTeC edition	HU14125	1892	26684	short	T3	low
Degré Alajos	1819–1896	M	25034532	A száműzött leánya : Regény : ELTeC edition	HU07693	1861	54332	medium	T2	low
Donászy Ferenc	1864-1923	M	1657716	Anarkalli	HU12296	1896	48005	short	T3	low
Donászy Ferenc	1864-1923	M	1657716	Buda hőse	HU00639	1895	99241	medium	T3	high
Donászy Ferenc	1864-1923	M	1657716	Őserdőkön, tengereken	HU11968	1894	125772	long	T3	low
Eötvös József	1813-1871	M	64044769	A falu jegyzője : ELTeC edition	HU00642	1845	206761	long	T1	high
Eötvös József	1813-1871	M	64044769	A karthauzi : ELTeC edition	HU03130	1842	127812	long	T1	high
Eötvös József	1813-1871	M	44663835	A nővérek	HU05046	1857	120199	long	T1	low
Eötvös József	1813-1871	M	64044769	Magyarország 1514-ben : Regény : ELTeC edition	HU04774	1847	201018	long	T1	high
Eötvös Károly	1842-1916	M	184888089	A Bakony	HU16344	1909	123386	long	T4	low
Eötvös Károly	1842-1916	M	23022753	Aki örökké bújdosott	HU08078	1910	44644	short	T4	high
Eötvös Károly	1842-1916	M	184888089	A nazarénusok	HU00645	1904	62822	medium	T4	low
Fáy András	1786-1864	M	17278550	Jávor orvos és szolgája, Bakator Ambrus: Szeszélyes regény: ELTeC edition	HU08163	1855	52587	medium	T1	low
Gaál József	1811-1866	M	54538863	Szirmay Ilona	HU07543	1836	53532	medium	T0	low
Gaál Mózes	1863–1936	M	65665747	A fekete apostol	HU11611	1924	31906	short	T5	low
Gaál Mózes	1863–1936	M	65665747	A három kenyeres-pajtás	HU12502	1904	19111	short	T4	low
Gaál Mózes	1863–1936	M	65665747	A legkisebb leány	HU12557	1897	36201	short	T3	low
Gaál Mózes	1863-1936	M	65665747	A vasember fia	HU11833	1902	20800	short	T4	low
Gárdonyi Géza	1863-1922	M	24643507	Ábel és Eszter	HU01998	1907	39368	short	T4	high
Gárdonyi Géza	1863-1922	M	24643507	Aggyisten Biri!	HU05062	1916	26299	long	T4	high
Gárdonyi Géza	1863-1922	M	24643507	A kapitány	HU04533	1926	28234	short	T5	low
Gárdonyi Géza	1863-1922	M	24643507	A kürt	HU05397	1925	29698	short	T5	high
Gárdonyi Géza	1863-1922	M	24643507	A lámpás : Regény : ELTeC edition	HU06982	1895	14590	short	T3	high
Gárdonyi Géza	1863-1922	M	24643507	A láthatatlan ember : Történelmi regény : ELTeC edition	HU00662	1901	76646	medium	T4	high
Gárdonyi Géza	1863-1922	M	24643507	Amiket az útleíró elhallgat	HU04546	1927	33166	short	T5	low
Gárdonyi Géza	1863-1922	M	24643507	A pesti úr	HU08035	1901	14159	short	T4	high
Gárdonyi Géza	1863-1922	M	24643507	Átkozott józanság	HU06178	1895	40275	short	T4	low
Gárdonyi Géza	1863-1922	M	24643507	A világjáró angol	HU11047	1894	24280	short	T3	low
Gárdonyi Géza	1863-1922	M	24643507	Az a hatalmas harmadik	HU04506	1903	29514	short	T4	high
Gárdonyi Géza	1863-1922	M	24643507	Az én falum	HU00657	1898	64506	medium	T3	high
Gárdonyi Géza	1866-1922	M	24643507	Az öreg tekintetes	HU01820_1	1905	24949	short	T4	high
Gárdonyi Géza	1863-1922	M	24643507	Bibi	HU04484	1927	44577	short	T5	low
Gárdonyi Géza	1863-1922	M	24643507	Bojgás az világba	HU05712	1901	11279	short	T3	high
Gárdonyi Géza	1863-1922	M	24643507	Dávidkáné	HU05360	1898	21224	short	T3	high
Gárdonyi Géza	1863-1922	M	24643507	Durbints sógor	HU05759	1899	11454	short	T3	high
Gárdonyi Géza	1863-1922	M	24643507	Egri csillagok: Bornemissza Gergely élete: ELTeC edition	HU13387	1901	138886	long	T4	high
Gárdonyi Géza	1863-1922	M	24643507	Göre Martsa lakodalma	HU05711	1897	12054	short	T3	high
Gárdonyi Géza	1863-1922	M	24643507	Hosszúhajú veszedelem	HU00658	1912	100299	long	T4	high
Gárdonyi Géza	1863-1922	M	24643507	Ida regénye	HU00659	1924	86725	medium	T5	high
Gárdonyi Géza	1863-1922	M	24643507	Isten rabjai	HU00661	1899	92543	medium	T3	high
Gárdonyi Géza	1863-1922	M	24643507	Julcsa kútja	HU05438	1929	17078	short	T5	high
Gárdonyi Géza	1863-1922	M	24643507	Kátsa	HU05710	1899	12298	short	T3	high
Gárdonyi Géza	1866-1922	M	24643507	Ki-ki párjával	HU01820	1923	35359	short	T5	low
Gárdonyi Géza	1863-1922	M	24643507	Leánynézőben	HU05408	1925	10720	short	T5	high
Gárdonyi Géza	1863-1922	M	24643507	Pöhölyék	HU05963	1895	23502	short	T3	low
Gárdonyi Géza	1863-1922	M	24643507	Szunyoghy miatyánkja	HU04489	1916	58283	medium	T4	high
Gárdonyi Géza	1863-1922	M	24643507	Te, Berkenye!	HU05297	1928	25338	short	T5	high
Gineverné Győry Ilona	1868-1926	F	162793967	Angolok	HU18677	1915	56876	medium	T4	low
Gozsdu Elek	1849-1919	M	52610012	Köd :  Regény  : ELTeC edition	HU18535	1882	45870	short	T3	low
Gulácsy Irén	1894-1945	F	15182160	A kállói kapitány	HU17939	1934	113118	long	T5	low
Gulácsy Irén	1894-1945	F	15182160	Förgeteg	HU17657	1925	62827	medium	T5	high
Gulácsy Irén	1894-1945	F	15182160	Jezabel	HU16846	1944	176472	long	T6	high
Gyulai Pál	1826-1909	M	59092543	Egy régi udvarház utolsó gazdája	HU00666	1857	22682	short	T1	high
Harsányi Zsolt	1887-1943	M	61561938	Mátyás király	HU02151	1932	91056	medium	T5	high
Herman Ottóné	1856-1916	F	53161612	Kisvárosiak: Regény: ELTeC edition	HU14564	1897	27035	short	T3	low
Hrabovszky M. Júlia	1858-1946	F	43657511	A porczellán-comtessek	HU18791	1900	52429	medium	T4	low
Iványi Ödön	1837-1902	M	121533820	A püspök atyafisága	HU07728	1889	95490	medium	T3	low
Iványi Ödön	1837-1902	M	6903976	Az urak	HU07751	1872	44372	medium	T2	low
Jókai Mór	1825-1904	M	59084200	A barátfalvi lévita	HU00785	1898	33757	short	T3	low
Jókai Mór	1825-1904	M	59084200	Ahol a pénz nem isten	HU00778	1918	39996	short	T4	high
Jókai Mór	1825-1904	M	59084200	A kétszarvú ember : ELTeC edition	HU02204	1852	32893	short	T1	high
Jókai Mór	1825-1904	M	59084200	Aki a szívét a homlokán hordja	HU00811	1889	25645	short	T3	high
Jókai Mór	1825-1904	M	59084200	A lőcsei fehér asszony	HU00696	1884	132945	long	T3	high
Jókai Mór	1825-1904	M	59084200	Börtön virága	HU08117	1912	37522	short	T4	low
Jókai Mór	1825-1904	M	59084200	Egy magyar nábob : 1853-54 : ELTeC edition	HU05572	1854	139820	long	T1	high
Jókai Mór	1825-1904	M	59084200	És mégis mozog a föld : ELTeC edition	HU05573	1873	285818	long	T2	high
Jókai Mór	1825-1904	M	59084200	Fekete gyémántok	HU00691	1870	125130	long	T2	high
Jókai Mór	1825-1904	M	59084200	Névtelen vár	HU00697	1877	135539	long	T2	high
Jókai Mór	1825-1904	M	59084200	Tégy jót	HU00702	1914	37325	short	T3	high
Jósika Júlia	1813-1893	F	46218998	Az élet esélyei: Regény: ELTeC edition	HU17873	1864	28349	short	T2	low
Jósika Júlia	1813-1893	F	46218998	Családélet	HU18964	1862	56940	medium	T2	low
Jósika Júlia	1813-1893	F	46218998	Konrád	HU17910	1872	38707	short	T2	low
Jósika Miklós	1794-1865	M	19720475	Abafi : ELTeC edition	HU03850	1836	55435	medium	T0	high
Jósika Miklós	1794-1865	M	19720475	A szegedi boszorkányok	HU10855	1854	76348	medium	T1	low
Jósika Miklós	1794-1865	M	19720475	Eszther	HU10019	1853	82422	medium	T1	low
Jósika Miklós	1794-1865	M	1972047	II. Rákóczi Ferencz : 1852 : ELTeC edition	HU10230	1852	238192	long	T1	unspecified
Jósika Miklós	1794-1865	M	19720475	Zrínyi Miklós a költő	HU08323	1857	71347	medium	T1	low
Kabos Ede	1864-1923	M	51003824	A jövő fészke : ELTeC edition	HU17048	1908	53753	medium	T4	low
Kada Elek	1852-1913	M	121449348	A darázs mérge	HU16355	1893	19404	short	T3	low
Kaffka Margit	1880-1918	F	19708135	Állomások	HU05909_1	1917	110569	long	T4	high
Kaffka Margit	1880-1918	F	19708135	Hangyaboly	HU02061	1917	38707	short	T4	high
Kaffka Margit	1880-1918	F	19708135	Két nyár	HU05909_2	1916	17546	short	T4	low
Kaffka Margit	1880-1918	F	19708135	Mária évei	HU05909	1913	43787	short	T4	high
Kaffka Margit	1880-1918	F	19708135	Színek és évek : ELTeC edition	HU02028	1911	62913	medium	T4	high
Kánya Emília	1830-1905	F	30410778	Szeretet könyve : ELTeC edition	HU17999	1863	60532	medium	T2	low
Kánya Emília	1830–1905	F	30410778	Válságos napok	HU18993	1860	74428	medium	T2	low
Karinthy Frigyes	1887-1938	M	46762994	Kötéltánc	HU06983	1923	42708	short	T5	high
Karinthy Frigyes	1887-1938	M	46762994	Tanár úr kérem : ELTeC edition	HU00719	1916	17484	short	T4	high
Karinthy Frigyes	1887-1938	M	46762994	Utazás a koponyám körül	HU00717	1937	45827	short	T5	high
Karinthy Frigyes	1887-1938	M	46762994	Utazás Faremidóba - Gulliver ötödik útja	HU00721	1916	11930	short	T4	high
Kazinczy Ferenc	1759-1831	M	9867747	Bácsmegyeinek gyötrelmei : ELTeC edition	HU00726	1814	20772	short	T2	low
Kelmenfy László	1815-1851	M	121426252	Meghasonlott kedély	HU19006	1846	68494	medium	T1	low
Kemény Zsigmond	1814-1875	M	54141095	A szív örvényei : Kisregények és elbeszélések : ELTeC edition	HU08105	1854	28161	short	T1	low
Kemény Zsigmond	1814-1875	M	54141095	Gyulai Pál : Regény : ELTeC edition	HU05510	1847	184038	long	T1	high
Kemény Zsigmond	1814-1875	M	54141095	Ködképek a kedély láthatárán : ELTeC edition	HU04642	1853	50401	medium	T1	low
Kemény Zsigmond	1814-1875	M	54141095	Özvegy és leánya : ELTeC edition	HU00730	1855	88579	medium	T1	high
Kemény Zsigmond	1814-1875	M	54141095	Szerelem és hiúság : ELTeC edition	HU00731	1876	22783	short	T2	high
Kemény Zsigmond	1814-1875	M	54141095	Zord idő : ELTeC edition	HU05620	1862	121526	long	T2	high
Kende Júlia	1864-1937	F	309595549	Márta, aki Máriának született	HU18722	1934	74375	medium	T5	low
Kóbor Tamás	1867-1942	M	63397465	Aranyhajú Rózsika	HU16964	1912	51052	medium	T4	low
Kóbor Tamás	1867-1942	M	63397465	A tisztesség nevében	HU13887	1898	33323	short	T3	low
Kóbor Tamás	1867-1942	M	63397465	Muzsika és parfüm	HU16571	1893	23730	short	T3	low
Komáromi János	1890-1937	F	58665425	A régi szerető	HU08529	1933	80578	short	T5	low
Komáromi János	1890-1937	M	58665425	Egy leányért	HU08274_1	1935	20920	short	T5	low
Komáromi János	1890-1937	M	58665425	Esze Tamás, a mezítlábasok ezredese	HU08273	1923	49424	short	T5	low
Komáromi János	1890-1937	M	58665425	Harangoz a mult	HU08341	1933	51151	medium	T5	low
Komáromi János	1890-1937	M	58665425	Hé, kozákok!	HU08316	1925	27860	short	T5	low
Komáromi János	1890-1937	M	58665425	Jegenyék a szélben	HU08371	1921	35622	short	T5	low
Komáromi János	1890-1937	M	58665425	Nagy leányka, kis legényke	HU08322	1930	39705	short	T5	low
Komáromi János	1890-1937	M	58665425	Ordasok	HU08313	1933	73707	medium	T5	low
Komáromi János	1890-1937	M	58665425	Pataki diákok	HU08272	1926	42226	short	T5	high
Komáromi János	1890-1937	M	58665425	Zúg a fenyves	HU08274	1924	37199	short	T5	low
Kosztolányi Dezső	1885-1936	M	17232459	Aranysárkány	HU04538	1925	65762	medium	T5	high
Kosztolányi Dezső	1885-1936	M	17232459	Édes Anna	HU04772	1926	51056	medium	T5	high
Kosztolányi Dezső	1885-1936	M	17232459	Esti Kornél	HU00744	1934	58016	medium	T5	high
Kosztolányi Dezső	1885-1936	M	17232459	Nero, a véres költő	HU03254	1922	57336	medium	T5	high
Kosztolányi Dezső	1885-1936	M	17232459	Pacsirta	HU00754	1924	36671	short	T5	high
Kovács József	1832-1897	M	221085154	Egy magyar amazon	HU16672	1869	22875	short	T2	low
Kövér Ilma	1862-1928	F	121505002	Két világ közt : Regény : ELTeC edition	HU13462	1897	36087	short	T3	low
Krúdy Gyula	1878-1933	M	22810	1848 : Nagy idők nagy hősei	HU06726	1948	19229	short	T6	low
Krúdy Gyula	1878-1933	M	22810	A dévényi fazekas	HU15261	1904	7567	short	T4	low
Krúdy Gyula	1878-1933	M	22810	Ál-Petőfi	HU16760	1922	40543	short	T5	low
Krúdy Gyula	1878-1933	M	22810	A magyar sasfiók	HU15655	1944	34541	short	T5	low
Krúdy Gyula	1878-1933	M	22810	Andráscsik örököse	HU13012	1909	33483	short	T4	low
Krúdy Gyula	1878-1933	M	22810	A podolini kísértet	HU00884	1907	52151	medium	T4	high
Krúdy Gyula	1878-1933	M	22810	Asszonyságok díja	HU16400	1919	49455	short	T4	high
Krúdy Gyula	1878-1933	M	22810	Az útitárs : ELTeC edition	HU00763	1919	15800	short	T4	low
Krúdy Gyula	1878-1933	M	22810	Egy nemzeti rablóvezér	HU15202	1922	21572	short	T5	low
Krúdy Gyula	1878-1933	M	22810	Etel király kincse	HU05597	1981	144912	long	T5	low
Krúdy Gyula	1878-1933	M	22810	Festett király	HU09100	1931	52630	medium	T5	low
Krúdy Gyula	1878-1933	M	22810	Hét bagoly	HU09048	1922	61106	medium	T5	low
Krúdy Gyula	1847-1910	M	22810	N. N. : Egy szerelem-gyermek regénye	HU00903	1922	29162	short	T5	low
Krúdy Gyula	1878-1933	M	22810	Rózsa Sándor	HU03754	1923	30183	short	T5	low
Kupa Árpád	1858-1916	M	162003783	Jó szerencsét!	HU13478	1901	29470	short	T4	low
Kupa Árpád	1858-1916	M	162003783	Képzelt királyok : Történeti regény : ELTeC edition	HU14315	1898	66127	medium	T3	low
Kuthy Lajos	1813-1864	M	29522559	Hazai rejtelmek : Regény : ELTeC edition	HU07552	1846	192692	long	T1	low
Lakatos László	1882-1944	M	50893722	A jövő házassága	HU17284	1927	62106	medium	T5	low
Lakatos László	1882-1944	M	50893722	A teve	HU17195	1925	43374	short	T5	low
Lázár István	1881-1936	M	89548528	A Nílus rózsája	HU08735	1927	46087	short	T5	low
Ligeti Ernő	1891-1945	M	50292909	A néger hősszerelmes	HU16712	1933	55700	medium	T5	low
Lovik Károly	1874-1915	M	121536328	Az arany polgár : Regény : ELTeC edition	HU16600	1908	31026	short	T4	low
Lőrinczy György	1860-1941	M	537165573946137800004	A boldogság császárja	HU04938	1927	38552	short	T5	low
Lux Terka	1873-1938	F	121519574	Amire születtünk : Regény : ELTeC edition	HU17694	1906	34961	short	T4	low
Lux Terka	1873-1938	F	121519574	Budapest	HU17520	1908	23278	short	T4	low
Lux Terka	1873-1938	F	121519574	Leányok	HU17828	1906	33745	short	T4	low
Majthényi György	1885-1942	M	121378875	Majális	HU16903	1922	47940	short	T5	low
Makkai Sándor	1890-1951	M	59887709	Holttenger	HU10875	1936	106628	long	T5	high
Makkai Sándor	1890-1951	M	59887709	Magyarok csillaga	HU00878	1937	58042	medium	T5	high
Malonyay Dezső	1866-1916	M	86172276	Az utolsó: Regény három kötetben: ELTeC edition	HU16123	1896	94912	medium	T3	low
Mikes Kelemen	1690-1761	M	7410168	Törökországi levelek : Válogatás : ELTeC edition	HU00879	1880	11346	short	T3	high
Mikszáth Kálmán	1847-1910	M	46774986	A beszélő köntös : ELTeC edition	HU00898	1889	23646	short	T3	high
Mikszáth Kálmán	1847-1910	M	46774986	Akli Miklós	HU00894	1903	48664	short	T4	high
Mikszáth Kálmán	1847-1910	M	46774986	A Noszty fiú esete Tóth Marival	HU00948	1908	132854	long	T4	high
Mikszáth Kálmán	1847-1910	M	46774986	A Noszty fiú esete Tóth Marival : ELTeC edition	HU00949	1908	133267	long	T4	high
Mikszáth Kálmán	1847-1910	M	46774986	A szelistyei asszonyok	HU00953	1901	27251	short	T4	low
Mikszáth Kálmán	1847-1910	M	46774986	A vén gazember	HU00913	1909	40895	short	T4	high
Mikszáth Kálmán	1847-1910	M	46774986	Beszterce ostroma	HU00899	1896	49900	short	T3	high
Mikszáth Kálmán	1847-1910	M	46774986	Gavallérok	HU00912	1897	13649	short	T3	high
Mikszáth Kálmán	1847-1910	M	46774986	Különös házasság	HU00944	1901	93858	medium	T4	high
Mikszáth Kálmán	1847-1910	M	46774986	Nemzetes uraimék	HU00947	1884	39705	short	T3	high
Mikszáth Kálmán	1847-1910	M	46774986	Szent Péter esernyője : ELTeC edition	HU00954	1895	53010	medium	T3	high
Mikszáth Kálmán	1847-1910	M	46774986	Új Zrínyiász	HU00956	1898	45601	short	T3	high
Móra Ferenc	1879-1934	M	73857588	Aranykoporsó	HU00961	1931	112874	long	T5	high
Móra Ferenc	1879-1934	M	73857588	A vadember és családja	HU10249	1935	50783	medium	T5	high
Móra Ferenc	1879-1934	M	73857588	Az ember feje nem füge	HU00965	1981	50814	medium	T5	low
Móra Ferenc	1879-1934	M	73857588	Ének a búzamezőkről	HU00962	1927	80020	medium	T5	high
Móra Ferenc	1879-1934	M	73857588	Hannibál föltámasztása	HU00967	1955	20039	short	T5	high
Móra Ferenc	1879-1934	M	73857588	Kincskereső kisködmön	HU00970	1951	36341	short	T6	high
Móra Ferenc	1879-1934	M	73857588	Mindenki Jánoskája	HU00969	1913	22202	short	T4	high
Móra Ferenc	1879-1934	M	73857588	Rab ember fiai : ELTeC edition	HU00977	1910	21678	short	T4	high
Móricz Zsigmond	1879-1942	M	22179627	A boldog ember	HU00988	1935	95522	medium	T5	high
Móricz Zsigmond	1879-1942	M	22179627	A fáklya	HU01171	1917	85948	medium	T4	high
Móricz Zsigmond	1879-1942	M	22179627	A galamb papné	HU05170	1912	33686	short	T4	high
Móricz Zsigmond	1879-1942	M	22179627	A nagy fejedelem	HU00985	1935	132729	long	T5	high
Móricz Zsigmond	1879-1942	M	22179627	A nap árnyéka	HU01206	1926	99482	medium	T5	high
Móricz Zsigmond	1879-1942	M	22179627	Árvácska	HU00981	1941	36336	short	T5	high
Móricz Zsigmond	1879-1942	M	22179627	A szerelmes levél	HU01281	1918	16069	short	T4	low
Móricz Zsigmond	1879-1942	M	22179627	Az asszony beleszól	HU00982	1934	74604	medium	T5	low
Móricz Zsigmond	1879-1942	M	22179627	Az Isten háta mögött	HU01435	1911	38499	short	T4	high
Móricz Zsigmond	1879-1942	M	22179627	Betyár	HU00987	1937	60050	medium	T5	low
Móricz Zsigmond	1879-1942	M	22179627	Életem regénye	HU01204	1939	115480	long	T5	high
Móricz Zsigmond	1879-1942	M	22179627	Forr a bor	HU05093	1931	156446	long	T5	high
Móricz Zsigmond	1879-1942	M	22179627	Forró mezők	HU01175	1929	54997	medium	T5	high
Móricz Zsigmond	1879-1942	M	22179627	Harmatos rózsa	HU05261	1912	43625	short	T4	low
Móricz Zsigmond	1879-1942	M	22179627	Jobb mint otthon	HU01333	1956	79997	medium	T6	low
Móricz Zsigmond	1879-1942	M	22179627	Jószerencsét	HU05358	1923	45048	short	T5	low
Móricz Zsigmond	1879-1942	M	22179627	Kerek Ferkó	HU05074	1913	53550	medium	T4	high
Móricz Zsigmond	1879-1942	M	22179627	Kivilágos kivirradtig	HU00990	1926	41480	short	T5	high
Móricz Zsigmond	1879-1942	M	22179627	Légy jó mindhalálig	HU00991	1920	82131	medium	T4	high
Móricz Zsigmond	1879-1942	M	22179627	Míg új a szerelem	HU01284	1938	83303	medium	T5	high
Móricz Zsigmond	1879-1942	M	22179627	Nem élhetek muzsikaszó nélkül	HU01503	1916	19283	short	T4	low
Móricz Zsigmond	1879-1942	M	22179627	Pillangó	HU04417	1925	37612	short	T5	high
Móricz Zsigmond	1879-1942	M	22179627	Rokonok	HU01150	1932	79454	medium	T5	high
Móricz Zsigmond	1879-1942	M	22179627	Sárarany : ELTeC edition	HU05060	1911	50806	medium	T4	high
Móricz Zsigmond	1879-1942	M	22179627	Tündérkert	HU01164	1922	134599	long	T5	high
Móricz Zsigmond	1879-1942	M	22179627	Úri muri	HU01431	1928	72030	medium	T5	high
Nagy Ignác	1810-1854	M	121393539	Magyar titkok : Regény : ELTeC edition	HU07551	1845	199822	long	T1	low
Nagy Ignác	1810-1854	M	121393539	Szúnyogok	HU18153	1848	47550	short	T1	low
Nagy Ignác	1810-1854	M	121393539	Torzképek	HU19040	1844	149986	long	T1	low
Pálffy Albert	1820-1897	M	47510500	Egy mérnök regénye	HU07695	1885	88038	medium	T3	low
Palotás Fausztin	1855-1922	M	378155284786787061557	Salve Regina	HU16127	1896	27221	short	T3	low
Pekár Gyula	1867-1937	M	2057726	Lavina :  Regény  : ELTeC edition	HU14261	1895	23916	short	T3	low
Pekár Gyula	1867-1937	M	2057726	Livió főhadnagy	HU13872	1901	49003	short	T4	low
Petőfi Sándor	1823-1849	M	59087691	A hóhér kötele : ELTeC edition	HU01009	1846	25762	short	T1	high
Podmaniczky Frigyes	1824-1907	M	25795116	Az alföldi vadászok tanyája : Regény : ELTeC edition	HU07629	1854	52303	medium	T1	low
Prém József	1850-1910	M	162597297	A nagy Pálhalmy fia	HU14593	1903	32193	short	T4	low
Prém József	1850-1910	M	162597297	Félvér : Regény : ELTeC edition	HU16359	1893	34914	short	T3	high
P. Szathmáry Károly	1831-1891	M	57487056	A legszebb herczegnő : Történeti regény Mária Terézia korából : ELTeC edition	HU14197	1888	58893	medium	T3	low
Pulszky Ferenc	1814-1897	M	47510500	A magyar jacobinusok	HU07624	1862	64017	medium	T2	low
Pünkösti Andor	1892-1944	M	50524702	Bárczay Bella, a szeretőm	HU17216	1928	29951	short	T5	low
Rákosi Jenő	1842-1929	M	84419870	A legnagyobb bolond	HU07704	1882	71989	medium	T3	low
Rákosi Viktor	1860-1923	M	58030320	A bujtogatók ; Téli rege	HU10391	1893	58730	medium	T3	low
Rákosi Viktor	1860-1923	M	58030320	A buzsáki királyság	HU10469	1911	29369	short	T4	low
Rákosi Viktor	1860-1923	M	58030320	A falu meg a város	HU10485	1904	56871	medium	T4	low
Rákosi Viktor	1860-1923	M	58030320	Bobby és Csiba	HU17518	1912	25430	short	T4	low
Rákosi Viktor	1860-1923	M	58030320	Elnémult harangok	HU03814	1903	69792	medium	T4	high
Rákosi Viktor	1860-1923	M	58030320	Galambos Pál naplója	HU10144	1903	38673	short	T4	low
Rákosi Viktor	1860-1923	M	58030320	Hős fiúk	HU16264	1900	45211	short	T4	low
Rákosi Viktor	1860-1923	M	58030320	Kiárendált urak	HU10469_1	1911	28152	short	T4	low
Rákosi Viktor	1860-1923	M	58030320	Kóborlások itthon, meg idegen földön	HU10440	1903	59919	medium	T4	low
Rákosi Viktor	1860-1923	M	58030320	Korhadt fakeresztek : képek a magyar szabadságról  : ELTeC edition	HU06784	1899	34574	short	T3	high
Rákosi Viktor	1860-1923	M	58030320	Polgárháború ; Egy falusi Hamlet	HU10176	1897	27311	short	T3	low
Rejtő Jenő	1905-1943	M	54974682	A boszorkánymester	HU01025	1970	38598	short	T7	high
Rejtő Jenő	1905-1943	M	54974682	A drótnélküli gyilkosság	HU01027	1938	10155	short	T5	high
Rejtő Jenő	1905-1943	M	54974682	A fehér folt	HU01032	1938	35185	short	T5	high
Rejtő Jenő	1905-1943	M	54974682	A láthatatlan légió	HU01034	1939	44603	short	T5	high
Rejtő Jenő	1905-1943	M	54974682	A néma revolverek városa	HU01037	1969	44388	short	T7	high
Rejtő Jenő	1905-1943	M	54974682	A pokol zsoldosai	HU01048	1936	45386	short	T5	high
Rejtő Jenő	1905-1943	M	54974682	A tizennégy karátos autó	HU01044	1958	46774	short	T6	high
Rejtő Jenő	1905-1943	M	54974682	Az elátkozott part	HU01029	1940	41325	short	T6	high
Rejtő Jenő	1905-1943	M	54974682	Az ellopott futár	HU01033	1941	41775	short	T6	high
Rejtő Jenő	1905-1943	M	54974682	Az előretolt helyőrség	HU01030	1939	48728	short	T5	high
Rejtő Jenő	1905-1943	M	54974682	Az elsikkasztott pénztáros	HU01023	1938	12923	short	T5	high
Rejtő Jenő	1905-1943	M	54974682	Az elveszett cirkáló	HU01028	1938	32866	short	T5	high
Rejtő Jenő	1905-1943	M	54974682	Bradley Tamás visszaüt	HU01026	1939	32970	short	T5	high
Rejtő Jenő	1905-1943	M	54974682	Csontbrigád	HU01109	1941	59346	medium	T6	high
Rejtő Jenő	1905-1943	M	54974682	Egy bolond száz bajt csinál	HU01024	1969	27102	short	T7	high
Rejtő Jenő	1905-1943	M	54974682	Ezen egy éjszaka	HU01031	1969	54565	medium	T7	high
Rejtő Jenő	1905-1943	M	54974682	Menni vagy meghalni	HU01036	1937	38004	short	T5	high
Rejtő Jenő	1905-1943	M	54974682	Nincs kegyelem	HU01172	1992	25471	short	T8	high
Rejtő Jenő	1905-1943	M	54974682	Pipacs, a fenegyerek	HU01173	1939	11486	short	T5	high
Rejtő Jenő	1905-1943	M	54974682	Pokol a hegyek között	HU01039	1939	40022	short	T5	high
Rejtő Jenő	1905-1943	M	54974682	Texas Bill, a fenegyerek	HU01042	1939	32721	short	T5	high
Rejtő Jenő	1905-1943	M	54974682	Tigrisvér	HU01043	1940	34665	short	T5	high
Rejtő Jenő	1905-1943	M	54974682	Vanek úr Párizsban	HU01046	1986	54169	medium	T8	high
Rejtő Jenő	1905-1943	M	54974682	Vissza a pokolba	HU01040	1936	12980	short	T5	low
Réti Ödön	1871-1939	M	noViaf	Zorka	HU17128	1924	27782	short	T5	low
Ritoók Emma	1868-1945	F	121446803	A nagy véletlen : ELTeC edition	HU16824	1908	47729	short	T4	low
Ritoók Emma	1868-1945	M	121446803	Gyárfás Sándor két élete	HU17771	1934	70079	medium	T5	low
Ritoók Emma	1868-1945	F	121446803	Tévelygők	HU17805	1938	74585	medium	T5	low
Sebők Zsigmond	1861-1916	M	61561938	A bogarak háborúja	HU04157	1911	18964	short	T4	low
Surányi Miklós	1882-1936	M	44663835	A csodavárók	HU08369	1933	179269	long	T5	low
Surányi Miklós	1882-1936	M	44663835	A nápolyi asszony	HU04452	1924	131553	long	T5	high
Surányi Miklós	1882-1936	M	44663835	A szent hegy	HU08279	1917	59232	medium	T4	low
Surányi Miklós	1882-1936	M	44663835	A vízözön	HU08643	1925	21922	short	T5	low
Surányi Miklós	1882-1936	M	44663835	Az örvény	HU08603	1924	17124	short	T5	low
Surányi Miklós	1882-1936	M	44663835	Dávid és Góliát	HU08267	1933	31848	short	T5	low
Surányi Miklós	1882-19361	M	44663835	Egyedül vagyunk	HU04792	1936	277957	long	T5	high
Surányi Miklós	1882-1936	M	44663835	És mégsem véletlen	HU08848	1927	12762	short	T5	low
Surányi Miklós	1882-1936	M	44663835	Káin és Ábel	HU08602	1924	18817	short	T5	low
Surányi Miklós	1882-1936	M	44663835	Kantate	HU01067_1	1918	40310	short	T4	low
Surányi Miklós	1882-1936	M	44663835	Noé bárkája	HU01067_2	1918	51949	medium	T5	low
Szabó Dezső	1879-1945	M	37040595	Csodálatos élet	HU16856	1921	100627	long	T5	high
Szalay Hedvig	?	F	noViaf	A Magura alján	HU03041	1932	41251	short	T5	low
Szemere György	1863–1930	M	121485073	A Dobay-ház	HU11449	1901	45566	short	T4	low
Szemere György	1866-1952	M	121485073	A Kont-eset :  Fantasztikus regény a XXI. századból  : ELTeC edition	HU13316	1911	52170	medium	T4	low
Szemere György	1863-1930	M	121485073	A kótaji csudakovács	HU12599	1921	28664	short	T5	low
Szemere György	1863–1930	M	121485073	A madarasi király	HU11286	1904	22409	short	T4	low
Szerb Antal	1901-1945	M	49264007	Utas és holdvilág	HU01080	1937	61824	medium	T5	high
Szini Gyula	1876-1932	M	65619458	Jókai	HU07060	1925	47610	short	T5	high
Szomaházy István	1864-1927	M	73382097	A csipkeverő leány : Regény : ELTeC edition	HU10428	1920	30933	short	T4	low
Szomaházy István	1864-1925	M	73382097	A kétszívű Pethő	HU08828	1909	28925	short	T4	low
Szomaházy István	1864-1927	M	73382097	Meseváros	HU15853	1915	32272	short	T4	low
Szomaházy István	1864-1925	M	73382097	Muzsikáló óra	HU08571	1916	30931	short	T4	low
Szomaházy István	1864-1925	M	73382097	Villányi professzor	HU08476	1926	35276	short	T5	low
Szomory Dezső	1869-1944	M	7514721	A párizsi regény	HU18711	1929	91179	medium	T5	high
Tábori Róbert	1855-1906	M	73060469	A negyvenéves férfiú	HU13418	1898	28848	short	T3	low
Tábori Róbert	1855–1906	M	73060469	A templom kulcsa	HU16345	1893	21072	short	T3	low
Tábori Róbert	1855-1906	M	73060469	Görbe hegyek országában : Regény : ELTeC edition	HU16328	1891	24832	short	T3	low
Tábori Róbert	1855–1906	M	73060469	Megfagyott pezsgő	HU12881	1899	24089	short	T3	low
Teleki Sándorné	1864-1937	F	309595549	A fölfelé züllők	HU17832	1904	50639	medium	T4	low
Teleki Sándorné	1864-1937	F	309595549	A nagy-nagy kerék	HU18729	1923	48473	short	T4	low
Teleki Sándorné	1864-1937	F	309595549	A tóparti remete	HU18522	1926	23042	short	T5	low
Teleki Sándorné	1864-1937	F	309595549	Ez az!	HU18579	1915	33035	short	T4	low
Teleki Sándorné	1864-1937	F	309595549	Judith	HU18482	1910	31686	short	T4	low
Teleki Sándorné	1864-1937	F	309595549	Tabu :  Regény  : ELTeC edition	HU17606	1919	57333	medium	T4	low
Toldy István	1844-1879	M	56032353	Anatole :  Regény  : ELTeC edition	HU07694	1872	47843	short	T2	low
Tolnai Lajos	1837-1902	M	6903976	A báróné ténsasszony	HU07738	1882	88693	medium	T3	low
Tolnai Lajos	1837-1902	M	6903976	A grófné ura	HU14501	1897	25906	short	T3	low
Tolnai Lajos	1837-1902	M	6903976	A polgármester úr	HU08500	1885	78233	medium	T3	low
Tolnai Lajos	1837-1902	M	6903976	A szentistváni Kéry-család	HU09485_1	1886	16239	short	T3	low
Tolnai Lajos	1837-1902	M	6903976	Az új főispán	HU08462	1886	96069	medium	T3	low
Tolnai Lajos	1837-1902	M	6903976	Csak egy asszony!	HU16178	1891	21340	short	T3	low
Tolnai Lajos	1837-1902	M	6903976	Dániel pap lesz	HU16143	1885	29748	short	T3	low
Tolnai Lajos	1837-1902	M	6903976	Életképek : ELTeC edition	HU14664	1867	50764	medium	T2	low
Tolnai Lajos	1837-1902	M	6903976	Jubilánsok	HU09485	1886	26196	short	T3	low
Tormay Cécile	1876-1937	F	49267950	A régi ház	HU07264	1914	48626	short	T4	high
Tormay Cécile	1876-1937	F	49267950	Bujdosó könyv	HU17435	1920	160251	long	T4	high
Török Gyula	1888-1919	M	72194515	A porban	HU05104	1917	102039	long	T4	low
Török Gyula	1888-1918	M	72194515	A zöldköves gyűrű : Regény : ELTeC edition	HU09105	1918	84038	medium	T4	high
Török Gyula	1888-1919	M	72194515	Fehér virág	HU12270	1919	24445	short	T4	low
Vachott Sándorné	1828-1896	F	6242151353538652720008	Derű és ború	HU00011	1854	65112	medium	T1	low
Vachott Sándorné	1828-1896	F	6242151353538652720008	Irma hagyományai	HU00012	1859	47321	short	T1	low
Vachott Sándorné	1828-1896	F	6242151353538652720008	Margit	HU19018	1857	63890	medium	T1	low
Vadnai Károly	1832-1902	M	120125275	A kis tündér : Regény : ELTeC edition	HU07703	1860	60854	medium	T2	low
Vas Gereben	1823-1868	M	36952007	A nemzet napszámosai : Magyar korrajz : ELTeC edition	HU01117	1857	98093	medium	T1	low
Vas Gereben	1823-1868	M	36952007	A pörös atyafiak : Regény : ELTeC edition	HU02143	1860	70428	medium	T2	low
Vas Gereben	1823-1868	M	36952007	A régi jó idők : ELTeC edition	HU01118	1855	109443	long	T1	low
Vas Gereben	1823-1868	M	36952007	Egy alispán : Magyar korrajz : ELTeC edition	HU01115	1858	90713	medium	T1	low
Vas Gereben	1823-1868	M	36952007	Életunt ember	HU01768	1862	59762	medium	T2	low
Vas Gereben	1823-1868	M	36952007	Garasos arisztokráczia	HU01708	1865	61288	medium	T2	low
Vas Gereben	1823-1868	M	36952007	Jurátusélet	HU01924	1866	86141	medium	T2	low
Vas Gereben	1823-1868	M	36952007	Nagy idők, nagy emberek : ELTeC edition	HU01116	1856	109239	long	T1	low
Vas Gereben	1823-1868	M	36952007	Tekintetes urak :  Regény  : ELTeC edition	HU04027	1864	52553	medium	T2	low
Vay Sándor	1859-1918	M	56198354	A mikor még póstakocsin jártak	HU10146	1903	23468	short	T4	low
Verseghy Ferenc	1757-1822	M	76358725	Gróf Kaczaifalvi László avagy a természetes ember	HU07541	1911	67748	medium	T4	low
Vértesi Arnold	1836-1911	M	121504813	Az ugaros-karádi közbirtokosság	HU14690	1897	60591	medium	T3	low
Vértesi Arnold	1836-1911	M	121504813	Előre : Regény : ELTeC edition	HU14689	1895	30470	short	T3	low
Vértesi Arnold	1836-1911	M	121504813	Fürdőn	HU15268	1895	28656	short	T3	low
Vértesi Arnold	1836-1911	M	121504813	Mézes hetek	HU16059	1895	28554	short	T3	low
Vértesi Arnold	1836-1911	M	121504813	Mindhiába	HU16046	1895	29696	short	T3	low
Virághalmi Ferenc	1826-1875	M	121507699	Egy cserepár naplója	HU17960	1866	29457	short	T2	low
Werner Gyula	1862-1926	M	167135256	A beszterczei diákok	HU14979	1902	76799	medium	T4	low
Werner Gyula	1862–1926	M	167135256	Andrásfalvy de Andrásfalva	HU13681	1894	67157	medium	T3	low
Werner Gyula	1862-1926	M	167135256	Anteusz	HU14355	1893	57990	medium	T3	low
Werner Gyula	1862-1926	M	167135256	Forgách Simon : Rákóczi korabeli regény : ELTeC edition	HU13606	1907	121674	long	T4	low
Werner Gyula	1862-1926	M	167135256	Hunok harcza	HU12958	1901	80739	medium	T4	low
Wohl Stefánia	1848-1889	F	121454816	Aranyfüst	HU07729	1887	111763	long	T3	low
Zigány Árpád	1865-1936	M	70701164	A bűbájos sziget	HU11962	1927	13701	short	T5	low
Zigány Árpád	1865-1936	M	70701164	A parasztkirály : Történeti regény a XVI. századból : ELTeC edition	HU12359	1902	62504	medium	T4	low
Z. Tábori Piroska	1892-1947	F	61301447	Tökmag bandájan	HU18433	1934	26779	short	T5	low
